,RENDA,VBEM - VPARC,VBEM,VPARC,IDADE,target
197,300,206.55,537,78,32,negativo
1154,300,109.35000000000001,310,67,61,negativo
435,300,211.95000000000002,529,58,34,positivo
650,300,153.0,401,61,62,negativo
1207,300,129.6,339,51,48,negativo
1421,300,151.65,398,61,21,positivo
526,300,185.85,480,67,43,negativo
1468,300,141.3,399,85,45,negativo
763,300,109.8,311,67,41,negativo
1215,300,166.95000000000002,429,58,35,negativo
1000,300,199.35,529,86,31,negativo
7,300,158.4,416,64,48,positivo
1236,300,170.55,439,60,26,positivo
662,300,225.9,578,76,40,negativo
297,300,173.70000000000002,455,69,46,positivo
282,300,176.4,455,63,48,positivo
606,300,155.25,403,58,59,negativo
664,300,154.8,399,55,35,negativo
37,300,154.8,399,55,29,negativo
1221,300,258.3,629,55,54,negativo
564,300,252.9,650,88,38,positivo
834,300,153.0,398,58,33,negativo
551,300,168.75,442,67,54,positivo
579,300,162.9,420,58,36,negativo
1301,300,105.3,309,75,33,negativo
971,300,189.0,495,75,44,positivo
1254,300,157.05,407,58,38,positivo
512,300,328.05,804,75,29,positivo
759,300,135.0,359,59,39,negativo
172,300,201.15,519,72,33,negativo
856,300,139.5,399,89,27,negativo
276,300,187.20000000000002,482,66,23,positivo
788,300,150.75,395,60,30,positivo
1269,300,162.9,419,57,20,positivo
1006,300,231.75,597,82,22,positivo
1100,300,132.75,380,85,21,positivo
720,300,154.8,398,54,21,positivo
572,300,137.70000000000002,368,62,40,negativo
926,300,157.95000000000002,440,89,36,positivo
686,300,143.55,373,54,29,negativo
1047,300,176.85,463,70,37,negativo
121,300,175.05,459,70,46,negativo
366,300,128.70000000000002,337,51,54,negativo
301,300,103.95,300,69,27,positivo
871,300,185.4,480,68,62,positivo
1023,300,181.8,468,64,31,negativo
1136,300,217.35,558,75,56,negativo
88,300,194.4,500,68,48,positivo
941,300,154.8,399,55,60,negativo
711,300,177.3,465,71,31,negativo
1033,300,179.1,470,72,37,positivo
1124,300,154.35,410,67,30,negativo
135,300,134.1,349,51,40,negativo
153,300,105.75,302,67,26,positivo
775,300,148.95000000000002,391,60,25,negativo
791,300,186.3,479,65,49,positivo
335,300,216.9,558,76,40,positivo
1238,300,216.0,556,76,33,positivo
5,300,115.65,331,74,41,positivo
184,300,181.8,459,55,19,positivo
107,300,175.5,452,62,37,positivo
19,300,109.35000000000001,309,66,30,positivo
1279,300,126.45,332,51,54,negativo
947,301,190.8,490,66,41,positivo
1135,301,181.35,466,63,36,positivo
893,302,135.45000000000002,352,51,27,positivo
1378,302,193.95000000000002,484,53,26,negativo
894,303,185.85,480,67,27,positivo
131,305,166.05,435,66,59,negativo
1476,305,133.20000000000002,349,53,38,negativo
440,306,113.85000000000001,304,51,35,positivo
518,308,174.6,451,63,24,positivo
1119,308,152.55,393,54,63,negativo
825,308,180.9,459,57,64,negativo
83,310,175.5,470,80,67,negativo
700,310,247.05,612,63,20,positivo
48,312,193.5,499,69,21,positivo
521,313,173.25,442,57,24,positivo
851,314,172.35,443,60,45,positivo
1473,314,129.15,365,78,34,negativo
54,315,152.1,398,60,23,positivo
1334,315,167.4,449,77,58,negativo
925,316,188.1,485,67,54,negativo
89,316,169.65,436,59,33,positivo
190,317,178.20000000000002,459,63,57,negativo
505,317,200.25,508,63,25,positivo
1440,319,216.9,559,77,60,negativo
968,319,201.15,537,90,24,positivo
1324,319,159.75,420,65,30,positivo
299,320,186.75,480,65,44,positivo
659,320,193.05,497,68,21,positivo
268,320,487.35,1149,66,20,positivo
934,320,193.05,501,72,29,positivo
531,320,163.8,421,57,22,positivo
353,320,163.8,430,66,27,positivo
1025,320,182.70000000000002,470,64,26,positivo
562,320,175.5,451,61,38,positivo
1477,320,152.55,392,53,63,positivo
269,322,178.65,469,72,40,negativo
853,323,142.65,375,58,33,positivo
1017,324,138.6,365,57,26,positivo
382,324,309.6,780,92,41,negativo
960,327,182.25,469,64,32,negativo
740,328,133.20000000000002,350,54,23,negativo
1347,330,169.65,445,68,51,negativo
667,330,176.85,470,77,20,positivo
642,330,212.85,540,67,24,positivo
1194,330,120.15,340,73,37,positivo
910,330,192.6,496,68,45,positivo
1166,330,133.65,348,51,39,negativo
678,330,174.15,449,62,34,negativo
1057,331,213.3,549,75,22,positivo
24,332,221.85,593,100,44,negativo
590,332,274.05,697,88,58,negativo
877,335,151.20000000000002,396,60,62,negativo
1256,335,193.5,498,68,22,positivo
1056,336,180.45000000000002,479,78,30,negativo
563,337,172.35,443,60,51,negativo
1481,340,129.6,340,52,22,positivo
617,340,193.95000000000002,499,68,25,positivo
204,340,142.65,369,52,41,positivo
528,340,180.0,463,63,28,positivo
1452,341,136.35,400,97,33,negativo
26,342,177.3,453,59,52,negativo
1464,345,171.0,441,61,26,positivo
410,345,110.7,318,72,36,positivo
956,346,132.3,347,53,34,negativo
1168,346,230.4,580,68,52,negativo
548,346,139.95000000000002,399,88,26,positivo
608,348,217.35,559,76,55,negativo
524,348,440.1,1068,90,35,positivo
994,349,169.20000000000002,430,54,26,positivo
491,350,175.05,459,70,46,negativo
1323,350,209.25,548,83,42,positivo
249,350,193.95000000000002,498,67,45,positivo
1395,350,195.75,505,70,44,positivo
811,350,231.3,595,81,19,positivo
900,350,376.2,925,89,51,positivo
611,350,193.95000000000002,499,68,32,negativo
777,350,182.25,470,65,28,positivo
1237,350,150.3,399,65,30,negativo
1070,350,142.65,369,52,64,negativo
643,350,186.75,490,75,35,positivo
182,350,186.3,480,66,50,positivo
1061,350,253.8,639,75,35,negativo
152,350,155.25,399,54,32,positivo
1338,350,223.20000000000002,573,77,45,negativo
1397,350,188.1,476,58,43,negativo
661,350,108.9,311,69,25,positivo
1288,350,188.1,483,65,36,positivo
1089,350,197.55,528,89,25,positivo
1,350,181.35,468,65,33,positivo
1449,350,156.15,417,70,63,negativo
181,350,153.0,422,82,35,positivo
1075,350,189.9,488,66,24,positivo
897,350,140.4,368,56,49,negativo
510,350,113.85000000000001,322,69,26,negativo
1335,350,173.70000000000002,452,66,42,negativo
614,350,101.7,320,94,56,negativo
82,350,126.45,357,76,42,negativo
1081,350,218.25,583,98,23,positivo
1401,350,185.85,480,67,33,positivo
880,350,230.4,595,83,21,positivo
1195,351,126.0,330,50,24,positivo
1399,352,210.15,541,74,39,positivo
988,355,178.65,475,78,51,negativo
1084,356,153.45000000000002,404,63,32,positivo
1104,360,166.05,435,66,46,negativo
0,360,117.45,313,52,25,positivo
1438,360,165.15,425,58,35,negativo
549,360,236.70000000000002,620,94,47,positivo
902,360,206.55,537,78,46,negativo
179,360,148.5,394,64,66,negativo
896,360,182.25,469,64,37,positivo
977,360,191.25,492,67,66,negativo
503,360,195.3,519,85,66,positivo
1498,360,149.4,384,52,33,positivo
578,360,235.8,606,82,24,positivo
1363,360,175.5,460,70,29,positivo
404,360,152.1,399,61,41,positivo
251,360,166.05,429,60,46,negativo
663,360,207.9,551,89,27,positivo
216,360,149.4,384,52,41,negativo
450,360,128.70000000000002,337,51,29,positivo
1072,360,240.3,638,104,66,negativo
304,360,204.75,519,64,33,positivo
1261,361,185.85,480,67,47,negativo
538,365,127.35000000000001,338,55,20,positivo
1305,368,125.55,330,51,41,positivo
224,368,281.25,704,79,43,positivo
1412,370,107.10000000000001,306,68,25,positivo
1467,370,155.25,399,54,46,negativo
566,370,216.9,558,76,39,positivo
627,371,127.35000000000001,341,58,26,positivo
84,373,264.6,680,92,40,negativo
317,377,217.8,561,77,64,positivo
359,378,125.10000000000001,351,73,22,positivo
266,378,129.15,339,52,37,positivo
388,378,276.75,704,89,34,positivo
147,379,232.65,599,82,35,positivo
1379,380,213.75,560,85,33,negativo
272,380,252.0,635,75,20,positivo
1181,380,190.8,492,68,41,positivo
1460,380,232.65,598,81,46,positivo
1128,380,139.05,365,56,20,positivo
1022,380,170.1,480,102,21,positivo
605,380,269.55,679,80,50,negativo
1461,380,213.3,549,75,39,positivo
1231,380,114.75,332,77,35,positivo
390,380,176.4,448,56,59,positivo
143,380,127.8,336,52,67,negativo
1403,381,180.9,459,57,50,positivo
1121,385,264.15000000000003,659,72,61,negativo
1105,386,157.05,425,76,69,positivo
33,387,130.05,351,62,52,positivo
57,388,238.5,613,83,24,positivo
1390,389,138.15,362,55,38,positivo
228,390,181.8,468,64,22,positivo
400,390,221.4,569,77,48,positivo
707,390,210.15,525,58,39,positivo
1322,390,217.35,561,78,44,positivo
70,395,206.1,523,65,47,positivo
1283,396,163.35,420,57,24,positivo
402,396,216.0,556,76,51,positivo
1110,397,153.9,403,61,40,positivo
213,398,162.9,420,58,34,negativo
342,400,169.65,437,60,61,positivo
38,400,139.5,399,89,19,positivo
161,400,131.4,345,53,68,negativo
119,400,208.35,546,83,35,negativo
859,400,171.45000000000002,470,89,34,positivo
1036,400,208.35,546,83,30,negativo
881,400,321.75,829,114,25,positivo
819,400,268.65000000000003,692,95,46,negativo
543,400,179.55,462,63,32,negativo
1062,400,166.05,429,60,24,positivo
754,400,320.85,789,76,41,positivo
351,400,206.55,537,78,37,positivo
1307,400,152.55,400,61,52,negativo
201,400,216.0,559,79,49,positivo
1430,400,136.8,359,55,32,negativo
602,400,119.25,338,73,42,negativo
1484,400,151.20000000000002,433,97,19,positivo
358,400,189.0,479,59,41,negativo
1227,400,152.55,401,62,26,positivo
1290,400,148.95000000000002,391,60,55,negativo
1296,400,172.8,445,61,41,negativo
278,400,185.85,480,67,62,negativo
951,400,156.15,410,63,29,negativo
55,400,171.0,440,60,24,positivo
962,400,171.0,440,60,60,negativo
1488,400,170.1,480,102,50,negativo
830,400,216.45000000000002,558,77,19,positivo
437,400,246.6,646,98,35,positivo
348,400,133.65,348,51,27,negativo
630,400,153.0,398,58,39,negativo
1350,400,123.75,329,54,26,negativo
1021,400,133.20000000000002,379,83,29,positivo
74,400,238.05,618,89,42,negativo
343,400,184.05,520,111,52,negativo
123,400,166.05,429,60,41,negativo
1459,400,171.45000000000002,450,69,31,positivo
632,400,231.3,606,92,35,negativo
1306,400,181.8,478,74,45,positivo
1146,400,217.35,559,76,27,negativo
1164,400,104.4,351,119,54,negativo
1274,400,184.95000000000002,480,69,36,positivo
332,400,260.1,639,61,43,negativo
73,400,178.65,459,62,50,positivo
901,400,105.75,333,98,54,positivo
1148,400,308.25,747,62,38,positivo
405,400,194.85,511,78,28,negativo
1451,400,171.9,464,82,44,positivo
273,400,131.85,380,87,43,negativo
681,400,193.5,546,116,32,positivo
492,400,169.20000000000002,443,67,44,negativo
360,400,153.9,398,56,26,positivo
654,400,162.9,420,58,49,negativo
49,400,132.3,347,53,51,negativo
1172,400,129.6,345,57,34,negativo
221,400,150.75,389,54,29,positivo
303,400,189.9,489,67,27,positivo
1240,400,166.05,429,60,36,negativo
967,400,163.8,421,57,22,positivo
761,400,215.1,560,82,39,positivo
1328,402,144.0,370,50,27,positivo
758,404,184.5,474,64,39,negativo
1463,404,236.25,631,106,35,positivo
1153,404,185.85,480,67,41,positivo
797,408,172.35,453,70,25,positivo
77,409,278.1,705,87,48,positivo
1285,409,151.20000000000002,398,62,35,positivo
624,410,132.3,348,54,46,positivo
520,410,162.45000000000002,442,81,21,positivo
885,411,95.85000000000001,305,92,37,positivo
417,411,177.75,459,64,41,positivo
11,411,150.75,390,55,40,negativo
706,411,205.65,529,72,55,negativo
476,411,162.45000000000002,419,58,41,positivo
687,411,199.8,514,70,30,positivo
1407,411,181.35,468,65,30,negativo
420,412,243.45000000000002,610,69,37,negativo
85,415,147.6,388,60,60,negativo
468,415,224.55,588,89,32,negativo
430,417,231.75,596,81,26,positivo
1046,417,165.15,425,58,35,positivo
499,419,142.20000000000002,399,83,64,negativo
812,420,208.8,554,90,39,negativo
481,420,338.40000000000003,849,97,41,positivo
257,420,164.25,423,58,54,negativo
99,420,341.1,828,70,19,positivo
171,420,206.55,537,78,49,negativo
1249,420,229.5,590,80,27,positivo
1448,420,215.55,555,76,26,positivo
1151,420,182.70000000000002,470,64,22,positivo
748,421,158.85,416,63,39,positivo
416,423,234.9,597,75,66,positivo
65,425,143.1,426,108,62,negativo
1205,426,353.7,858,72,30,positivo
1005,426,193.5,517,87,24,positivo
636,426,136.8,391,87,25,positivo
1294,429,122.85000000000001,350,77,38,positivo
231,430,161.1,422,64,36,positivo
628,430,171.45000000000002,449,68,60,negativo
338,432,213.75,550,75,52,positivo
71,433,232.65,592,75,28,positivo
1042,435,210.6,531,63,22,positivo
1320,436,194.85,512,79,24,positivo
471,438,184.05,473,64,56,negativo
592,440,201.6,553,105,54,positivo
1143,444,192.15,480,53,52,negativo
1218,445,171.9,443,61,26,positivo
945,446,177.3,465,71,34,positivo
519,446,133.65,348,51,40,negativo
570,448,284.40000000000003,731,99,23,positivo
164,448,176.4,445,53,22,positivo
414,450,198.45000000000002,511,70,28,positivo
1268,450,108.45,318,77,42,negativo
1441,450,154.8,399,55,37,negativo
394,450,176.85,500,107,28,positivo
52,450,167.85,440,67,35,negativo
769,450,160.65,418,61,39,negativo
575,450,154.8,399,55,46,negativo
982,450,229.95000000000002,610,99,51,negativo
567,450,197.55,525,86,26,negativo
804,450,239.85,618,85,54,negativo
950,450,223.65,550,53,30,negativo
361,450,182.70000000000002,479,73,28,negativo
618,450,149.85,387,54,42,positivo
174,450,305.1,799,121,42,positivo
403,450,117.9,316,54,30,positivo
443,450,175.05,459,70,27,negativo
746,450,166.5,429,59,37,negativo
395,450,170.55,448,69,35,negativo
72,450,179.1,466,68,42,negativo
964,450,152.1,392,54,28,positivo
146,450,179.1,470,72,26,positivo
582,450,186.75,481,66,36,positivo
774,450,89.10000000000001,318,120,26,negativo
236,450,181.35,468,65,37,positivo
329,450,156.6,403,55,30,positivo
750,450,324.0,832,112,45,negativo
939,451,184.05,489,80,33,negativo
807,453,168.75,439,64,23,positivo
283,453,397.8,1000,116,24,positivo
1019,454,164.25,454,89,44,negativo
869,454,295.2,735,79,24,positivo
530,455,355.5,901,111,50,positivo
1001,455,175.5,453,63,32,positivo
1078,460,153.9,398,56,54,negativo
508,460,228.15,568,61,56,negativo
392,461,163.35,420,57,31,positivo
912,463,166.05,436,67,41,positivo
626,465,162.45000000000002,413,52,21,positivo
980,466,250.20000000000002,672,116,22,positivo
721,468,109.35000000000001,309,66,32,positivo
1356,469,156.6,404,56,38,negativo
66,470,289.8,747,103,65,negativo
1051,470,113.4,357,105,42,negativo
539,470,153.0,422,82,24,positivo
200,470,147.15,393,66,62,negativo
1113,470,256.05,659,90,23,positivo
1220,470,183.15,489,82,23,positivo
1102,473,221.4,591,99,62,positivo
1208,474,315.0,798,98,24,positivo
1300,474,135.45000000000002,355,54,53,negativo
996,478,218.25,580,95,24,positivo
1492,478,127.35000000000001,404,121,47,positivo
1462,479,104.4,329,97,65,negativo
1054,479,178.20000000000002,458,62,55,positivo
31,480,146.25,460,135,59,negativo
313,480,201.15,518,71,34,positivo
433,480,182.70000000000002,471,65,27,positivo
1034,480,256.05,658,89,52,negativo
330,480,206.55,537,78,36,positivo
675,480,195.3,502,68,41,positivo
1241,480,107.55,309,70,46,negativo
1092,480,224.1,576,78,50,positivo
114,480,323.1,849,131,37,negativo
295,480,140.4,399,87,37,negativo
554,480,151.65,398,61,23,positivo
1271,480,200.25,558,113,37,positivo
447,480,172.8,445,61,25,positivo
1029,480,273.15000000000003,681,74,33,positivo
1228,481,136.8,366,62,65,negativo
134,481,129.6,340,52,42,negativo
1318,481,215.55,547,68,58,negativo
129,483,305.1,786,108,32,positivo
829,483,194.85,552,119,62,negativo
1394,484,238.05,618,89,36,negativo
1406,485,157.05,441,92,21,positivo
656,486,166.05,475,106,46,negativo
749,486,107.10000000000001,339,101,23,positivo
1396,488,151.65,403,66,44,negativo
1382,489,195.75,495,60,28,negativo
641,490,211.05,529,60,67,negativo
438,490,163.35,429,66,44,positivo
509,490,179.1,469,71,26,positivo
362,492,185.85,480,67,39,negativo
1366,492,331.65000000000003,833,96,36,positivo
456,493,172.35,443,60,54,positivo
1065,497,121.05,325,56,48,negativo
1012,498,130.95000000000002,344,53,22,positivo
705,499,116.55,336,77,49,positivo
784,500,198.9,541,99,66,negativo
78,500,181.35,508,105,27,positivo
170,500,132.75,348,53,35,negativo
1055,500,306.0,810,130,30,positivo
1263,500,244.8,689,145,60,negativo
1273,500,270.90000000000003,699,97,29,positivo
1094,500,196.65,555,118,33,negativo
809,500,208.8,590,126,37,negativo
9,500,332.55,828,89,29,positivo
309,500,130.95000000000002,343,52,44,positivo
1264,500,139.5,399,89,46,positivo
15,500,239.85,614,81,59,negativo
665,500,138.15,375,68,34,negativo
225,500,178.65,468,71,35,negativo
240,500,170.1,459,81,23,positivo
908,500,194.85,552,119,61,negativo
1035,500,190.8,479,55,39,negativo
50,500,160.20000000000002,420,64,27,positivo
1246,500,114.3,305,51,47,positivo
751,500,166.05,429,60,44,negativo
930,500,127.35000000000001,341,58,62,negativo
1097,500,168.3,428,54,43,positivo
795,500,102.15,362,135,62,negativo
80,500,161.55,429,70,47,negativo
60,500,194.85,552,119,62,negativo
352,500,173.70000000000002,456,70,35,positivo
1303,500,107.55,316,77,37,positivo
46,500,164.70000000000002,451,85,63,negativo
755,500,158.85,501,148,24,positivo
1188,500,185.85,480,67,30,negativo
698,500,179.55,460,61,36,negativo
375,500,194.85,552,119,23,positivo
537,500,98.10000000000001,350,132,40,negativo
911,500,154.8,399,55,30,negativo
917,500,194.85,552,119,65,negativo
872,500,163.8,469,105,28,positivo
25,500,194.85,552,119,62,negativo
93,500,171.45000000000002,455,74,26,positivo
729,500,104.4,329,97,34,negativo
1374,500,194.85,552,119,66,negativo
1372,500,259.2,673,97,43,negativo
764,500,185.85,480,67,43,negativo
1420,500,190.35,480,57,43,negativo
137,500,238.05,618,89,28,negativo
489,500,146.25,378,53,50,negativo
884,500,194.85,552,119,59,negativo
1169,500,88.2,308,112,35,positivo
895,500,135.9,399,97,21,positivo
978,500,135.45000000000002,355,54,25,positivo
1163,500,173.25,489,104,34,negativo
315,500,237.15,633,106,36,positivo
841,500,185.85,480,67,28,negativo
235,500,116.10000000000001,410,152,27,positivo
233,500,175.05,459,70,35,negativo
638,500,200.70000000000002,567,121,29,negativo
215,500,138.15,389,82,60,negativo
864,500,133.20000000000002,350,54,38,negativo
1444,500,126.0,330,50,40,negativo
218,500,206.55,541,82,34,negativo
108,500,151.20000000000002,450,114,45,positivo
16,500,110.7,347,101,44,negativo
340,500,247.95000000000002,639,88,38,negativo
598,500,154.8,399,55,33,negativo
1214,500,215.1,546,68,37,positivo
312,500,110.25,390,145,27,positivo
889,500,115.2,363,107,64,negativo
835,500,168.3,441,67,34,positivo
1087,500,88.65,311,114,23,positivo
1106,500,133.20000000000002,376,80,24,positivo
1495,500,169.65,437,60,60,positivo
458,500,215.1,563,85,32,negativo
421,500,215.55,574,95,44,negativo
1129,500,168.3,441,67,34,positivo
191,500,191.25,483,58,43,positivo
517,500,90.0,318,118,30,positivo
771,500,312.75,804,109,39,positivo
79,500,127.35000000000001,401,118,20,positivo
1298,500,145.8,429,105,24,positivo
1177,500,336.15000000000003,852,105,28,positivo
975,500,148.5,390,60,37,negativo
501,500,131.4,345,53,40,negativo
1333,500,175.5,451,61,58,negativo
783,500,137.25,360,55,36,positivo
1132,500,204.75,588,133,31,positivo
1200,500,185.85,480,67,37,negativo
724,500,237.6,643,115,62,negativo
715,500,214.65,562,85,49,negativo
676,500,220.05,567,78,37,negativo
507,500,106.2,300,64,39,negativo
816,500,194.85,552,119,61,negativo
732,500,99.45,347,126,58,negativo
778,500,180.9,465,63,23,positivo
683,500,241.65,621,84,40,negativo
413,500,99.9,350,128,63,negativo
1499,501,329.40000000000003,849,117,37,negativo
252,502,146.70000000000002,463,137,32,positivo
1482,502,563.4,1367,115,54,positivo
584,505,185.85,480,67,34,positivo
339,507,205.20000000000002,539,83,68,negativo
397,510,156.15,410,63,31,positivo
1161,511,247.95000000000002,639,88,60,negativo
1336,512,194.85,552,119,60,negativo
742,513,153.9,412,70,36,positivo
822,513,186.3,480,66,44,negativo
768,513,206.55,537,78,40,negativo
118,514,155.25,435,90,61,negativo
1267,518,170.1,480,102,38,negativo
1314,519,224.1,576,78,33,positivo
1060,519,162.45000000000002,431,70,41,negativo
92,520,233.1,616,98,33,positivo
320,520,193.05,567,138,33,negativo
1063,520,283.5,719,89,28,positivo
1470,520,176.85,473,80,54,negativo
334,521,172.35,451,68,20,positivo
580,524,119.25,335,70,63,negativo
792,529,155.25,435,90,63,positivo
1343,530,264.6,693,105,38,positivo
1360,530,283.5,729,99,23,positivo
848,530,135.45000000000002,414,113,57,negativo
1411,530,355.5,888,98,63,negativo
1187,532,155.25,399,54,30,positivo
44,533,117.45,329,68,41,positivo
408,533,196.65,515,78,42,negativo
511,534,172.35,443,60,31,positivo
646,536,121.5,430,160,50,positivo
1446,540,273.6,730,122,47,positivo
1073,540,194.85,552,119,38,positivo
1431,540,221.4,562,70,44,positivo
333,540,178.20000000000002,498,102,21,positivo
734,540,250.20000000000002,650,94,41,positivo
1493,541,138.6,408,100,31,negativo
148,541,220.5,577,87,44,negativo
645,542,336.15000000000003,880,133,62,negativo
1491,543,195.3,502,68,33,positivo
401,543,359.55,931,132,31,negativo
1140,546,180.9,474,72,34,positivo
211,546,138.15,389,82,20,positivo
173,548,62.550000000000004,304,165,24,positivo
1487,549,160.20000000000002,449,93,23,positivo
623,550,283.05,728,99,26,positivo
1383,550,154.8,399,55,30,negativo
1465,550,139.05,369,60,30,positivo
697,550,111.60000000000001,403,155,24,positivo
1230,550,394.2,999,123,48,positivo
306,550,223.65,631,134,52,negativo
469,550,313.2,805,109,33,positivo
1050,550,140.4,369,57,33,positivo
177,550,100.35000000000001,356,133,27,positivo
955,550,166.95000000000002,430,59,40,negativo
1233,550,171.0,469,89,37,negativo
709,550,163.8,429,65,20,positivo
831,550,85.05,301,112,30,positivo
155,550,228.6,617,109,52,positivo
1138,550,203.4,546,94,27,positivo
1180,551,248.85,647,94,34,negativo
1276,552,271.8,700,96,33,positivo
722,553,211.95000000000002,572,101,36,negativo
20,554,166.05,429,60,46,negativo
633,555,199.35,522,79,41,positivo
1150,556,128.25,360,75,28,positivo
813,558,194.4,549,117,32,negativo
828,558,185.85,480,67,38,positivo
341,560,253.35,640,77,38,positivo
1381,560,154.35,397,54,28,negativo
321,560,309.15000000000003,829,142,30,positivo
1122,560,144.45000000000002,376,55,29,negativo
483,563,228.6,599,91,31,positivo
363,564,238.05,618,89,34,negativo
863,564,171.9,451,69,51,negativo
423,566,216.0,556,76,41,positivo
1091,566,273.15000000000003,703,96,47,positivo
1141,566,269.1,685,87,24,positivo
1353,568,329.40000000000003,849,117,22,positivo
1497,570,198.0,511,71,28,positivo
1486,573,173.25,471,86,62,negativo
370,573,239.4,616,84,35,negativo
264,573,195.75,495,60,46,negativo
319,575,129.15,433,146,62,negativo
838,576,283.5,719,89,37,positivo
972,578,175.05,459,70,30,negativo
1229,578,151.65,392,55,27,negativo
905,578,227.70000000000002,597,91,52,positivo
920,578,138.15,395,88,28,negativo
1362,579,121.05,378,109,34,positivo
502,579,105.3,301,67,60,negativo
780,579,180.9,459,57,61,negativo
898,580,200.25,565,120,31,negativo
552,580,194.85,552,119,66,negativo
1209,580,146.70000000000002,382,56,35,positivo
412,580,179.1,460,62,31,negativo
6,580,134.1,349,51,30,negativo
658,580,165.15,424,57,31,negativo
86,580,134.1,349,51,50,negativo
1255,584,329.40000000000003,849,117,40,negativo
695,587,217.35,559,76,58,negativo
827,589,165.6,473,105,28,positivo
1099,590,138.6,396,88,52,negativo
429,590,346.95,894,123,63,negativo
743,592,112.05,322,73,48,negativo
62,592,141.75,415,100,53,negativo
916,594,263.25,677,92,22,positivo
644,595,211.05,554,85,52,negativo
814,597,194.85,552,119,60,negativo
484,599,177.75,459,64,44,negativo
1368,600,155.25,399,54,35,positivo
858,600,156.6,459,111,37,negativo
594,600,227.70000000000002,585,79,36,negativo
1192,600,368.55,930,111,38,positivo
1015,600,280.8,735,111,27,negativo
935,600,99.9,315,93,29,negativo
595,600,106.65,359,122,61,negativo
756,600,401.85,1065,172,51,positivo
672,600,321.75,827,112,21,positivo
463,600,199.8,524,80,67,negativo
47,600,208.35,536,73,24,positivo
1419,600,162.9,420,58,22,positivo
1386,600,133.65,348,51,51,negativo
237,600,115.65,409,152,33,negativo
142,600,139.95000000000002,399,88,23,positivo
679,600,329.40000000000003,849,117,32,negativo
986,600,166.5,428,58,31,positivo
210,600,160.65,460,103,23,positivo
106,600,286.2,738,102,32,positivo
115,600,175.95000000000002,461,70,37,positivo
475,600,141.3,370,56,60,negativo
915,600,192.6,505,77,45,positivo
710,600,92.7,328,122,32,positivo
162,600,220.95000000000002,568,77,25,positivo
970,600,166.95000000000002,429,58,43,negativo
1277,600,169.65,454,77,28,positivo
861,600,106.2,301,65,30,negativo
308,600,115.65,329,72,35,negativo
599,600,156.15,410,63,32,negativo
194,600,226.35,583,80,63,negativo
1266,600,177.75,459,64,29,negativo
906,600,172.8,450,66,27,positivo
29,600,224.1,587,89,44,negativo
544,600,250.20000000000002,643,87,28,positivo
439,600,125.55,330,51,28,negativo
442,600,329.40000000000003,849,117,55,negativo
875,600,248.85,651,98,53,negativo
987,600,210.15,540,73,28,positivo
612,600,173.70000000000002,446,60,45,positivo
1217,600,158.85,499,146,31,negativo
241,600,232.65,657,140,41,negativo
600,600,231.75,600,85,28,negativo
535,600,187.20000000000002,490,74,51,negativo
43,600,177.75,544,149,49,negativo
56,600,183.6,492,84,38,negativo
609,600,179.55,507,108,26,negativo
1418,600,224.55,569,70,43,positivo
457,600,311.85,800,107,28,positivo
1032,600,132.75,346,51,40,negativo
1064,600,138.15,396,89,25,positivo
487,600,152.55,395,56,28,positivo
127,600,338.40000000000003,870,118,37,positivo
1011,600,185.85,480,67,46,negativo
470,600,159.3,468,114,66,negativo
1066,600,183.15,517,110,58,negativo
398,600,309.15000000000003,764,77,21,positivo
516,600,159.3,418,64,36,negativo
844,600,239.4,617,85,33,positivo
999,600,178.20000000000002,450,54,38,positivo
747,600,447.3,1090,96,34,positivo
571,600,166.95000000000002,479,108,21,positivo
459,600,122.85000000000001,347,74,44,negativo
255,600,181.8,468,64,34,positivo
1157,600,240.75,643,108,30,positivo
1109,600,169.65,445,68,57,positivo
284,600,216.45000000000002,557,76,51,positivo
229,600,167.4,525,153,33,negativo
1145,600,156.15,403,56,32,negativo
1293,600,270.45,698,97,66,negativo
1315,600,238.05,618,89,21,positivo
1474,600,236.25,595,70,67,negativo
689,600,185.4,477,65,31,positivo
247,600,315.90000000000003,780,78,40,positivo
385,600,124.65,333,56,65,negativo
288,600,155.70000000000002,409,63,45,positivo
585,600,120.60000000000001,341,73,30,negativo
277,601,151.20000000000002,404,68,53,positivo
1321,602,307.35,790,107,57,positivo
1327,602,137.25,485,180,24,positivo
21,602,179.55,507,108,54,positivo
735,602,205.65,595,138,32,positivo
523,603,185.85,480,67,33,negativo
688,604,213.3,549,75,42,positivo
1216,606,211.95000000000002,596,125,64,negativo
67,606,162.9,468,106,36,positivo
928,607,187.65,483,66,22,positivo
983,609,316.8,830,126,30,positivo
68,610,247.95000000000002,639,88,40,negativo
680,610,231.75,597,82,27,negativo
1400,610,276.75,725,110,34,positivo
238,610,136.8,365,61,62,negativo
1247,613,209.70000000000002,557,91,25,positivo
380,614,152.1,389,51,63,negativo
59,616,105.75,302,67,55,negativo
725,617,368.1,933,115,58,positivo
112,617,156.6,464,116,63,negativo
101,619,238.05,599,70,27,positivo
545,620,335.25,813,68,26,positivo
159,620,162.9,427,65,22,positivo
873,621,190.35,499,76,64,positivo
1308,624,185.85,480,67,25,positivo
285,624,175.5,451,61,41,negativo
1013,627,383.85,979,126,37,negativo
652,628,178.20000000000002,459,63,22,positivo
448,631,176.85,469,76,48,negativo
165,631,265.5,748,158,52,negativo
27,632,129.15,365,78,49,negativo
752,634,361.8,931,127,29,positivo
1299,635,244.8,630,86,35,positivo
1045,640,94.95,301,90,67,negativo
125,640,352.35,855,72,29,positivo
1041,640,104.4,370,138,38,negativo
574,644,117.45,335,74,63,negativo
786,649,108.9,311,69,40,negativo
1309,650,216.0,549,69,28,positivo
589,650,190.8,537,113,30,negativo
1489,650,328.5,860,130,29,positivo
1425,650,103.5,369,139,27,negativo
1096,650,352.8,868,84,38,negativo
997,650,240.75,600,65,32,negativo
802,650,116.55,333,74,21,positivo
124,650,322.65000000000003,805,88,62,positivo
203,650,299.25,770,105,61,positivo
1490,650,169.65,537,160,27,positivo
328,650,162.45000000000002,464,103,48,positivo
42,650,185.85,480,67,21,positivo
993,650,247.95000000000002,639,88,22,positivo
1244,650,185.85,480,67,38,negativo
634,650,488.7,1185,99,26,positivo
1326,650,253.35,652,89,29,positivo
651,652,201.6,528,80,23,positivo
120,655,154.8,399,55,38,negativo
731,660,142.20000000000002,503,187,29,positivo
1234,662,195.75,522,87,66,negativo
1080,663,166.05,429,60,49,negativo
504,667,247.05,638,89,67,positivo
261,667,221.85,557,64,32,positivo
542,672,167.4,440,68,23,positivo
1243,679,147.15,386,59,46,negativo
944,679,121.5,329,59,64,negativo
553,680,342.0,881,121,26,positivo
1016,680,298.8,769,105,36,positivo
1071,688,194.85,552,119,59,negativo
326,688,186.75,489,74,60,negativo
1040,689,307.35,779,96,47,positivo
1235,690,189.9,559,137,58,negativo
685,690,234.9,598,76,32,positivo
1069,692,175.05,459,70,64,negativo
96,693,111.15,312,65,35,positivo
132,700,124.65,356,79,34,negativo
1079,700,311.85,818,125,56,negativo
1361,700,162.0,430,70,30,negativo
259,700,108.9,301,59,33,positivo
1351,700,113.85000000000001,403,150,30,negativo
744,700,216.9,620,138,43,positivo
202,700,155.70000000000002,402,56,28,positivo
989,700,136.8,359,55,58,negativo
349,700,169.20000000000002,450,74,35,positivo
782,700,167.4,439,67,48,negativo
69,700,215.1,618,140,33,negativo
728,700,191.70000000000002,560,134,35,negativo
1469,700,171.45000000000002,441,60,37,positivo
532,700,170.55,439,60,27,positivo
116,700,79.2,378,202,21,positivo
244,700,143.1,375,57,33,negativo
103,700,184.95000000000002,485,74,33,negativo
452,700,98.55,348,129,64,negativo
1445,700,161.1,415,57,63,negativo
1067,700,208.35,637,174,25,negativo
1223,700,299.7,770,104,45,negativo
243,700,317.7,849,143,47,positivo
940,700,137.25,433,128,28,negativo
556,700,130.5,369,79,28,negativo
536,700,142.20000000000002,402,86,31,negativo
766,700,185.85,480,67,54,negativo
965,705,155.70000000000002,409,63,35,positivo
1232,707,283.05,690,61,57,negativo
477,709,153.45000000000002,398,57,33,negativo
205,709,166.05,429,60,47,negativo
473,709,154.8,399,55,33,negativo
1416,710,91.35000000000001,308,105,61,negativo
879,712,150.3,459,125,29,positivo
160,713,188.55,576,157,49,negativo
597,715,166.5,424,54,28,positivo
649,715,194.85,552,119,59,negativo
113,717,391.05,1056,187,55,negativo
396,720,127.35000000000001,401,118,32,positivo
178,720,136.8,366,62,66,negativo
701,720,134.55,360,61,58,negativo
862,721,254.25,666,101,45,positivo
1380,725,112.05,330,81,61,negativo
350,729,192.6,495,67,24,positivo
1284,730,175.5,460,70,36,negativo
785,733,373.95,980,149,25,positivo
144,735,158.85,415,62,22,positivo
274,735,202.05,519,70,39,negativo
1131,736,159.3,423,69,52,negativo
109,740,185.85,480,67,34,positivo
485,741,160.65,491,134,55,negativo
1134,747,194.85,552,119,61,negativo
122,749,406.8,1079,175,70,negativo
1286,750,255.15,704,137,22,positivo
311,750,142.65,499,182,30,positivo
929,750,148.05,419,90,26,positivo
789,750,143.55,376,57,32,positivo
140,750,158.85,532,179,59,negativo
1262,750,220.05,567,78,37,negativo
826,750,125.55,446,167,42,positivo
616,750,202.05,525,76,46,negativo
185,750,271.35,710,107,28,positivo
482,750,330.75,851,116,31,positivo
345,750,500.85,1290,177,28,positivo
1133,750,329.40000000000003,849,117,31,negativo
399,750,223.65,586,89,34,positivo
668,753,247.95000000000002,639,88,30,negativo
422,754,270.45,698,97,60,negativo
196,755,463.5,1190,160,41,negativo
310,756,239.85,618,85,32,negativo
176,756,218.70000000000002,617,131,57,positivo
407,757,281.7,725,99,20,positivo
346,758,147.15,379,52,41,negativo
130,760,123.3,342,68,35,positivo
647,766,411.3,1059,145,64,negativo
1159,767,205.20000000000002,647,191,43,negativo
671,770,142.20000000000002,373,57,35,negativo
1052,774,106.65,305,68,43,negativo
1317,778,194.85,552,119,58,negativo
837,778,244.35,640,97,53,positivo
1292,780,186.75,489,74,37,negativo
1184,780,238.05,618,89,24,positivo
327,786,194.85,552,119,67,negativo
156,790,354.6,918,130,36,negativo
265,792,409.05,1092,183,42,positivo
1193,795,119.7,334,68,59,positivo
865,800,206.1,589,131,37,negativo
805,800,289.8,747,103,45,negativo
158,800,185.85,480,67,31,negativo
610,800,154.8,399,55,43,positivo
1414,800,220.05,567,78,28,positivo
291,800,212.4,530,58,34,positivo
762,800,329.40000000000003,929,197,43,negativo
693,800,271.8,689,85,36,positivo
560,800,284.40000000000003,710,78,28,positivo
1112,800,144.0,495,175,35,positivo
206,800,175.05,459,70,60,negativo
974,800,117.45,345,84,30,positivo
591,800,185.85,480,67,48,negativo
1186,800,329.40000000000003,929,197,29,negativo
576,800,89.55,317,118,50,positivo
581,800,166.05,435,66,31,negativo
1093,800,249.3,632,78,37,positivo
17,800,127.35000000000001,359,76,51,negativo
963,800,146.25,491,166,58,negativo
1417,800,181.8,514,110,34,positivo
991,800,184.5,465,55,29,negativo
690,800,198.45000000000002,560,119,45,negativo
1312,800,182.70000000000002,469,63,45,negativo
365,800,126.9,359,77,51,negativo
1408,800,336.6,849,101,37,positivo
207,800,175.05,459,70,48,negativo
465,800,94.95,336,125,25,positivo
604,800,185.85,480,67,54,negativo
145,800,225.0,597,97,39,negativo
1434,800,207.9,529,67,29,positivo
1402,800,134.1,349,51,50,negativo
753,800,148.95000000000002,499,168,58,negativo
227,800,153.9,392,50,35,negativo
1028,800,138.15,407,100,41,negativo
773,800,167.85,440,67,52,positivo
188,800,179.55,480,81,40,negativo
1139,800,88.65,310,113,26,positivo
1076,800,208.35,598,135,58,positivo
887,800,138.6,363,55,40,positivo
1432,800,157.5,418,68,31,positivo
787,800,171.45000000000002,605,224,39,positivo
631,800,257.40000000000003,683,111,29,negativo
981,800,139.05,365,56,43,negativo
1260,800,237.15,643,116,26,negativo
45,800,131.4,345,53,45,negativo
781,800,238.05,618,89,41,negativo
959,800,177.75,459,64,32,negativo
1369,800,251.55,638,79,33,positivo
660,800,112.5,399,149,57,negativo
718,800,126.45,442,161,36,positivo
1189,800,190.35,490,67,33,negativo
1331,800,183.15,466,59,35,positivo
852,800,153.45000000000002,395,54,36,negativo
30,800,196.20000000000002,495,59,50,positivo
588,800,104.85000000000001,370,137,24,positivo
914,800,160.20000000000002,446,90,40,positivo
98,800,311.40000000000003,815,123,31,negativo
1405,800,112.95,322,71,37,negativo
367,800,194.4,510,78,35,positivo
801,800,239.4,700,168,26,negativo
1389,800,261.0,735,155,41,negativo
870,800,324.45,850,129,27,positivo
1272,800,187.20000000000002,529,113,44,negativo
558,800,216.9,612,130,35,negativo
424,800,160.65,418,61,40,negativo
550,812,219.15,618,131,28,positivo
1423,816,188.1,529,111,47,positivo
1367,819,441.45,1085,104,40,negativo
803,819,226.8,558,54,40,negativo
984,820,128.25,410,125,61,negativo
474,821,196.65,508,71,59,negativo
81,824,196.65,515,78,22,positivo
1037,830,208.35,546,83,51,negativo
1199,830,308.7,902,216,40,negativo
1191,833,179.1,470,72,37,negativo
674,833,143.1,375,57,37,negativo
919,836,173.25,439,54,58,negativo
952,838,198.0,519,79,50,negativo
673,839,163.35,439,76,58,negativo
1340,840,332.55,954,215,41,positivo
1453,840,198.9,521,79,35,positivo
167,850,213.3,559,85,34,positivo
111,850,172.35,443,60,34,positivo
1147,850,118.35000000000001,335,72,26,positivo
1090,850,199.8,514,70,49,positivo
976,850,156.15,446,99,42,positivo
426,850,342.90000000000003,886,124,24,positivo
514,851,238.05,618,89,60,negativo
1108,852,404.1,1067,169,20,positivo
199,856,205.65,649,192,66,negativo
136,860,381.6,965,117,48,positivo
378,860,274.05,773,164,61,negativo
222,861,133.20000000000002,350,54,38,negativo
883,865,165.6,426,58,56,negativo
713,867,343.35,885,122,38,negativo
35,868,220.05,567,78,39,negativo
702,870,221.85,570,77,34,negativo
1339,870,124.2,355,79,27,positivo
1018,873,136.35,385,82,46,negativo
1352,876,458.55,1144,125,66,negativo
1049,877,300.6,771,103,39,positivo
739,880,329.40000000000003,849,117,48,negativo
843,882,388.8,979,115,63,positivo
97,885,181.35,468,65,28,positivo
1388,890,113.4,324,72,27,positivo
254,890,216.0,556,76,28,positivo
1213,892,133.65,350,53,35,positivo
411,895,172.35,443,60,58,negativo
286,896,188.55,478,59,49,positivo
808,896,357.75,1003,208,62,negativo
866,898,194.85,552,119,61,negativo
1101,899,229.05,580,71,55,negativo
53,900,220.05,565,76,36,positivo
726,900,212.4,558,86,40,positivo
377,900,176.85,464,71,39,negativo
28,900,184.05,473,64,36,positivo
714,900,205.65,530,73,33,positivo
622,900,826.2,2005,169,33,negativo
263,900,198.9,495,53,46,positivo
1111,900,238.5,625,95,34,negativo
923,900,178.65,460,63,27,positivo
1480,900,132.75,375,80,36,negativo
242,900,182.70000000000002,475,69,42,positivo
94,900,139.05,370,61,44,positivo
490,900,312.3,834,140,51,positivo
488,900,143.55,422,103,27,positivo
836,900,333.0,845,105,23,positivo
1422,900,99.0,312,92,36,negativo
1202,903,103.5,348,118,55,negativo
1031,905,141.3,398,84,31,positivo
305,907,385.65000000000003,989,132,63,negativo
1373,908,130.5,349,59,62,negativo
1210,908,209.70000000000002,539,73,45,negativo
1250,920,107.10000000000001,306,68,22,positivo
1026,920,270.45,700,99,37,positivo
596,929,196.65,549,112,58,negativo
810,929,155.25,400,55,56,negativo
1219,930,174.6,550,162,32,negativo
719,933,206.55,596,137,62,negativo
776,934,238.5,625,95,35,positivo
1410,938,194.85,552,119,64,negativo
1433,945,194.85,552,119,67,negativo
1415,946,188.1,529,111,50,positivo
1310,950,288.90000000000003,737,95,47,positivo
1345,950,516.15,1290,143,47,negativo
87,952,419.40000000000003,1086,154,57,negativo
307,953,248.85,698,145,40,positivo
1354,959,231.75,660,145,62,negativo
1162,960,148.95000000000002,420,89,37,negativo
670,960,119.25,337,72,37,negativo
1427,965,178.65,499,102,64,negativo
41,966,176.4,462,70,29,negativo
1198,967,283.5,756,126,54,positivo
717,971,109.8,300,56,65,negativo
954,972,183.15,559,152,45,positivo
371,980,257.40000000000003,661,89,41,negativo
1120,980,112.5,393,143,24,positivo
842,983,214.20000000000002,605,129,56,negativo
936,987,191.25,638,213,61,negativo
373,990,126.9,337,55,37,negativo
1437,990,185.85,531,118,30,positivo
1348,992,155.25,399,54,49,negativo
1398,993,198.45000000000002,510,69,37,positivo
230,995,324.0,880,160,58,negativo
347,1000,394.2,999,123,32,positivo
1365,1000,306.45,840,159,49,negativo
258,1000,372.6,1070,242,59,negativo
1311,1000,132.75,471,176,45,positivo
966,1000,133.65,348,51,36,negativo
765,1000,329.40000000000003,849,117,39,negativo
1342,1000,174.15,457,70,25,positivo
907,1000,102.15,496,269,36,positivo
878,1000,488.25,1281,196,24,positivo
821,1000,301.95,776,105,30,positivo
298,1000,148.5,466,136,31,negativo
1044,1000,256.95,639,68,37,negativo
64,1000,371.7,915,89,23,positivo
767,1000,158.85,449,96,37,negativo
657,1000,120.15,402,135,62,negativo
4,1000,314.1,809,111,24,positivo
1270,1000,138.15,489,182,50,positivo
1377,1000,139.5,411,101,42,negativo
833,1000,329.40000000000003,849,117,37,negativo
1206,1000,195.75,505,70,47,negativo
942,1000,201.15,519,72,37,negativo
467,1000,117.0,413,153,35,positivo
854,1000,285.75,712,77,39,positivo
1083,1000,192.6,552,124,57,negativo
534,1000,238.05,618,89,37,negativo
157,1000,130.95000000000002,370,79,39,negativo
293,1000,214.20000000000002,555,79,57,negativo
117,1000,263.25,678,93,39,negativo
1165,1000,206.55,537,78,43,negativo
187,1000,116.55,400,141,63,negativo
1074,1000,267.3,687,93,57,negativo
354,1000,233.1,599,81,49,negativo
1455,1000,220.05,567,78,35,negativo
451,1000,298.8,782,118,38,negativo
1384,1000,289.8,747,103,53,negativo
180,1000,208.8,635,171,41,negativo
1471,1000,163.8,463,99,33,positivo
847,1000,134.1,385,87,42,positivo
1424,1001,227.70000000000002,699,193,62,negativo
1466,1004,725.85,1839,226,63,negativo
466,1004,335.25,879,134,40,negativo
1439,1009,105.3,332,98,40,negativo
1475,1012,162.0,432,72,56,negativo
1226,1013,114.3,323,69,41,positivo
260,1015,352.8,942,158,61,negativo
296,1016,198.9,541,99,59,negativo
506,1021,498.15000000000003,1386,279,62,negativo
666,1028,225.9,577,75,60,negativo
1152,1028,238.05,690,161,58,negativo
1082,1034,166.05,429,60,60,negativo
281,1038,173.25,439,54,63,negativo
1392,1039,90.45,441,240,57,negativo
1479,1048,194.85,552,119,60,negativo
716,1050,206.1,518,60,55,negativo
760,1051,327.15000000000003,829,102,38,positivo
1053,1052,117.9,417,155,44,positivo
1107,1054,253.35,705,142,59,negativo
694,1055,418.95,1059,128,32,negativo
1295,1063,256.05,755,186,49,positivo
1370,1065,284.85,722,89,65,negativo
1245,1071,260.1,698,120,65,negativo
1077,1073,129.6,340,52,40,negativo
1014,1076,120.60000000000001,336,68,60,negativo
824,1079,240.75,643,108,61,negativo
969,1079,220.5,631,141,27,positivo
149,1090,171.45000000000002,450,69,26,positivo
1156,1092,182.70000000000002,480,74,61,positivo
1190,1099,194.85,552,119,65,negativo
527,1099,309.6,812,124,34,negativo
1494,1100,155.25,412,67,41,negativo
2,1100,316.8,829,125,56,positivo
1068,1100,120.15,378,111,43,negativo
1176,1100,148.95000000000002,440,109,58,negativo
290,1100,242.55,636,97,44,negativo
1275,1100,270.0,694,94,37,positivo
1098,1100,212.4,567,95,56,negativo
1257,1105,238.05,618,89,50,negativo
1130,1107,265.95,689,98,41,positivo
1027,1107,256.05,689,120,41,positivo
1059,1111,109.35000000000001,309,66,54,negativo
1127,1118,81.0,397,217,42,negativo
938,1120,348.75,897,122,22,positivo
1185,1123,411.3,1059,145,36,negativo
855,1150,187.65,530,113,70,negativo
820,1166,355.95,1120,329,62,negativo
692,1168,134.1,349,51,33,positivo
1329,1174,356.40000000000003,916,124,19,positivo
1174,1190,175.05,452,63,58,negativo
946,1190,144.45000000000002,420,99,47,positivo
601,1190,167.4,449,77,63,negativo
1118,1195,604.35,1554,211,44,positivo
75,1195,244.8,630,86,44,positivo
1002,1200,136.8,366,62,43,positivo
696,1200,147.15,416,89,32,positivo
625,1200,202.95000000000002,539,88,34,negativo
1472,1200,186.75,480,65,26,positivo
1258,1200,176.4,466,74,38,positivo
104,1200,209.25,602,137,43,positivo
214,1200,110.25,535,290,29,positivo
166,1200,301.95,888,217,36,positivo
1117,1200,85.5,305,115,35,negativo
1456,1200,135.45000000000002,355,54,41,positivo
682,1200,445.95,1149,158,42,negativo
1211,1200,156.15,417,70,59,negativo
1450,1200,111.60000000000001,305,57,42,positivo
882,1200,175.05,555,166,57,negativo
1280,1200,290.25,745,100,24,positivo
427,1200,268.65000000000003,695,98,63,positivo
138,1200,190.35,489,66,30,positivo
1182,1200,175.95000000000002,470,79,33,negativo
913,1200,263.7,690,104,51,negativo
738,1200,238.05,618,89,35,negativo
1259,1200,289.8,747,103,30,positivo
615,1200,96.75,343,128,64,negativo
1316,1200,258.75,686,111,38,negativo
699,1200,209.25,701,236,62,negativo
219,1200,224.55,598,99,45,positivo
990,1200,90.45,317,116,27,positivo
163,1200,119.7,339,73,41,positivo
1332,1200,373.95,962,131,61,negativo
51,1200,220.95000000000002,620,129,28,positivo
620,1200,202.5,598,148,50,positivo
432,1200,204.3,535,81,41,positivo
998,1200,364.5,899,89,63,negativo
183,1200,174.15,458,71,52,positivo
1196,1200,194.85,552,119,58,negativo
937,1200,282.6,796,168,30,positivo
1435,1201,211.95000000000002,710,239,63,negativo
14,1202,194.85,552,119,61,negativo
1212,1215,253.8,674,110,34,positivo
1204,1225,428.40000000000003,1095,143,31,positivo
386,1233,187.20000000000002,555,139,59,negativo
387,1235,274.05,763,154,57,negativo
294,1238,323.55,806,87,44,positivo
1203,1258,194.85,552,119,67,negativo
515,1300,185.85,480,67,34,negativo
653,1300,186.75,489,74,43,negativo
223,1300,153.9,420,78,63,negativo
1371,1300,150.75,395,60,66,negativo
1443,1300,270.0,694,94,29,positivo
32,1300,134.1,349,51,45,negativo
1149,1300,189.45000000000002,481,60,52,positivo
1344,1300,160.65,421,64,34,negativo
271,1300,128.70000000000002,405,119,36,negativo
1393,1300,163.8,421,57,39,positivo
818,1300,247.95000000000002,639,88,32,negativo
577,1300,185.85,657,244,27,positivo
1197,1300,193.95000000000002,524,93,59,negativo
931,1300,355.5,915,125,32,positivo
849,1307,213.3,757,283,19,positivo
1357,1312,346.05,906,137,57,negativo
793,1317,332.55,951,212,62,negativo
1009,1320,205.65,569,112,43,negativo
957,1323,160.20000000000002,420,64,58,negativo
1239,1324,98.55,349,130,62,negativo
1178,1333,261.0,670,90,33,negativo
444,1334,192.15,503,76,41,negativo
1409,1336,283.95,744,113,39,positivo
23,1342,324.45,1084,363,63,negativo
1201,1345,238.05,618,89,19,positivo
383,1350,90.45,442,241,59,negativo
1282,1356,119.25,319,54,65,positivo
1116,1359,214.20000000000002,601,125,63,negativo
546,1364,106.2,306,70,36,positivo
569,1368,114.75,330,75,46,positivo
318,1380,321.3,1074,360,38,negativo
168,1386,206.55,519,60,61,negativo
677,1390,194.85,552,119,61,negativo
91,1400,260.55,872,293,36,negativo
428,1400,213.75,698,223,31,negativo
640,1400,217.35,562,79,31,negativo
139,1400,111.15,350,103,34,positivo
1007,1400,176.85,500,107,26,negativo
1123,1400,153.45000000000002,514,173,40,negativo
446,1400,162.9,420,58,44,negativo
323,1400,175.05,450,61,36,positivo
708,1400,383.85,970,117,23,positivo
479,1404,262.35,877,294,56,negativo
494,1419,393.75,1002,127,28,positivo
790,1420,171.45000000000002,592,211,65,negativo
1319,1428,138.15,389,82,67,negativo
888,1430,246.15,655,108,59,negativo
525,1432,238.05,618,89,37,positivo
154,1442,194.85,552,119,62,negativo
727,1447,163.35,420,57,56,negativo
948,1448,209.70000000000002,599,133,60,positivo
393,1451,148.95000000000002,527,196,23,positivo
461,1453,295.65000000000003,774,117,58,negativo
890,1457,172.8,529,145,63,negativo
1337,1479,225.45000000000002,599,98,55,negativo
1330,1480,259.2,679,103,23,positivo
704,1500,159.75,410,55,27,positivo
737,1500,224.55,578,79,29,positivo
995,1500,194.85,552,119,61,negativo
455,1500,144.45000000000002,391,70,34,positivo
1289,1500,179.55,500,101,26,positivo
779,1500,113.85000000000001,402,149,34,positivo
903,1500,153.45000000000002,449,108,29,negativo
58,1500,379.8,984,140,34,positivo
61,1500,73.35000000000001,356,193,25,positivo
1447,1500,180.0,468,68,45,negativo
794,1500,160.65,571,214,24,positivo
1325,1500,112.95,400,149,28,positivo
533,1500,398.25,980,95,28,positivo
932,1500,351.0,990,210,54,negativo
8,1500,243.0,688,148,59,negativo
169,1500,-8.1,400,418,27,positivo
324,1500,344.25,1099,334,58,negativo
1048,1500,121.95,416,145,52,negativo
486,1500,216.45000000000002,556,75,27,positivo
547,1500,143.55,405,86,58,positivo
886,1500,248.4,650,98,34,negativo
846,1500,121.95,591,320,21,positivo
904,1500,137.25,360,55,62,positivo
151,1500,154.8,399,55,43,negativo
1278,1500,192.6,495,67,31,negativo
799,1500,145.8,409,85,38,positivo
1125,1500,181.35,475,72,49,positivo
496,1500,194.85,552,119,58,negativo
1304,1500,116.55,400,141,30,positivo
445,1500,217.8,560,76,48,negativo
302,1500,185.85,480,67,38,negativo
1248,1500,169.20000000000002,450,74,26,negativo
325,1500,94.05,457,248,36,negativo
540,1500,189.0,470,50,70,negativo
845,1500,144.0,495,175,44,negativo
425,1500,329.40000000000003,849,117,38,negativo
493,1500,137.70000000000002,460,154,41,negativo
128,1500,226.35,569,66,33,positivo
1144,1500,158.4,484,132,32,negativo
1302,1500,362.25,940,135,56,negativo
712,1500,666.9,1617,135,50,positivo
90,1500,89.55,301,102,63,negativo
193,1500,244.8,611,67,36,positivo
655,1500,353.7,959,173,53,positivo
34,1500,198.9,500,58,53,positivo
355,1500,382.05,1000,151,26,negativo
1485,1500,190.35,536,113,67,negativo
336,1500,178.65,504,107,63,negativo
374,1500,204.3,525,71,44,positivo
406,1501,423.45,1059,118,54,negativo
292,1509,196.20000000000002,499,63,64,positivo
431,1526,267.75,718,123,63,negativo
1137,1527,749.7,1899,233,32,positivo
415,1529,223.65,630,133,48,negativo
379,1529,333.90000000000003,941,199,48,negativo
192,1533,143.55,397,78,49,positivo
76,1536,194.85,552,119,63,negativo
555,1540,218.25,571,86,42,negativo
1436,1545,197.1,516,78,42,negativo
1222,1548,119.7,339,73,63,negativo
927,1550,154.35,546,203,24,positivo
691,1552,241.20000000000002,694,158,56,negativo
409,1555,340.2,825,69,22,positivo
480,1559,92.7,310,104,60,negativo
583,1560,611.1,1601,243,34,positivo
817,1575,188.1,529,111,58,negativo
1281,1583,379.8,1007,163,54,negativo
270,1600,166.05,435,66,41,positivo
1158,1600,166.05,429,60,30,negativo
973,1600,125.10000000000001,419,141,60,negativo
1359,1600,238.05,618,89,37,negativo
495,1600,254.70000000000002,657,91,36,negativo
102,1600,-9.450000000000001,383,404,29,positivo
958,1600,185.85,488,75,31,positivo
275,1600,134.1,349,51,36,negativo
1355,1600,273.15000000000003,716,109,46,positivo
1291,1604,318.6,887,179,63,negativo
924,1615,130.05,399,110,58,negativo
770,1620,272.25,735,130,30,positivo
909,1623,236.70000000000002,792,266,63,negativo
1008,1639,105.3,315,81,41,negativo
513,1650,250.65,628,71,40,positivo
933,1674,213.3,558,84,43,positivo
449,1674,185.85,480,67,43,positivo
1287,1690,760.0500000000001,1974,285,52,positivo
943,1697,194.85,552,119,68,positivo
867,1699,453.15000000000003,1187,180,46,positivo
110,1700,189.45000000000002,489,68,46,positivo
105,1700,93.15,314,107,39,negativo
498,1700,238.5,669,139,65,negativo
209,1727,505.35,1199,76,65,negativo
460,1740,104.4,400,168,60,negativo
745,1750,302.85,776,103,57,negativo
1478,1761,92.7,449,243,23,positivo
